Time,Time Delta,fldn_enb,lgt_enb,oa_temp,Rm201A_EST_boxflow,Rm201A_EST_flowsetpoint,Rm201A_EST_maxflow,Rm201A_EST_minflow,Rm201A_EST_occunocc,Rm201A_EST_spacesetpoint,Rm201A_EST_spacetemp,Rm201A_WST_boxflow,Rm201A_WST_flowsetpoint,Rm201A_WST_maxflow,Rm201A_WST_minflow,Rm201A_WST_occunocc,Rm201A_WST_spacesetpoint,Rm201A_WST_spacetemp,Rm202_boxflow,Rm202_flowsetpoint,Rm202_maxflow,Rm202_minflow,Rm202_occunocc,Rm202_spacesetpoint,Rm202_spacetemp,Rm204_boxflow,Rm204_flowsetpoint,Rm204_maxflow,Rm204_minflow,Rm204_occunocc,Rm204_spacesetpoint,Rm204_spacetemp,Rm206_NTH_boxflow,Rm206_NTH_flowsetpoint,Rm206_NTH_maxflow,Rm206_NTH_minflow,Rm206_NTH_occunocc,Rm206_NTH_spacesetpoint,Rm206_NTH_spacetemp,Rm206_STH_boxflow,Rm206_STH_flowsetpoint,Rm206_STH_maxflow,Rm206_STH_minflow,Rm206_STH_occunocc,Rm206_STH_spacesetpoint,Rm206_STH_spacetemp,Rm207A_boxflow,Rm207A_flowsetpoint,Rm207A_maxflow,Rm207A_minflow,Rm207A_occunocc,Rm207A_spacesetpoint,Rm207A_spacetemp,Rm207B_boxflow,Rm207B_flowsetpoint,Rm207B_maxflow,Rm207B_minflow,Rm207B_occunocc,Rm207B_spacesetpoint,Rm207B_spacetemp,Rm207D_EST_boxflow,Rm207D_EST_flowsetpoint,Rm207D_EST_maxflow,Rm207D_EST_minflow,Rm207D_EST_occunocc,Rm207D_EST_spacesetpoint,Rm207D_EST_spacetemp,Rm207D_WST_boxflow,Rm207D_WST_flowsetpoint,Rm207D_WST_maxflow,Rm207D_WST_minflow,Rm207D_WST_occunocc,Rm207D_WST_spacesetpoint,Rm207D_WST_spacetemp,Rm209_boxflow,Rm209_flowsetpoint,Rm209_maxflow,Rm209_minflow,Rm209_occunocc,Rm209_spacesetpoint,Rm209_spacetemp,Rm215_boxflow,Rm215_flowsetpoint,Rm215_maxflow,Rm215_minflow,Rm215_occunocc,Rm215_spacesetpoint,Rm215_spacetemp,Rm302_boxflow,Rm302_flowsetpoint,Rm302_maxflow,Rm302_minflow,Rm302_occunocc,Rm302_spacesetpoint,Rm302_spacetemp,Rm303_boxflow,Rm303_flowsetpoint,Rm303_maxflow,Rm303_minflow,Rm303_occunocc,Rm303_spacesetpoint,Rm303_spacetemp,Rm304_boxflow,Rm304_flowsetpoint,Rm304_maxflow,Rm304_minflow,Rm304_occunocc,Rm304_spacesetpoint,Rm304_spacetemp,Rm305_boxflow,Rm305_flowsetpoint,Rm305_maxflow,Rm305_minflow,Rm305_occunocc,Rm305_spacesetpoint,Rm305_spacetemp,Rm307_boxflow,Rm307_flowsetpoint,Rm307_maxflow,Rm307_minflow,Rm307_occunocc,Rm307_spacesetpoint,Rm307_spacetemp,Rm309_boxflow,Rm309_flowsetpoint,Rm309_maxflow,Rm309_minflow,Rm309_occunocc,Rm309_spacesetpoint,Rm309_spacetemp,Rm311_boxflow,Rm311_flowsetpoint,Rm311_maxflow,Rm311_minflow,Rm311_occunocc,Rm311_spacesetpoint,Rm311_spacetemp,Rm312_boxflow,Rm312_flowsetpoint,Rm312_maxflow,Rm312_minflow,Rm312_occunocc,Rm312_spacesetpoint,Rm312_spacetemp,Rm313_boxflow,Rm313_flowsetpoint,Rm313_maxflow,Rm313_minflow,Rm313_occunocc,Rm313_spacesetpoint,Rm313_spacetemp,Rm314_boxflow,Rm314_flowsetpoint,Rm314_maxflow,Rm314_minflow,Rm314_occunocc,Rm314_spacesetpoint,Rm314_spacetemp,Rm315_boxflow,Rm315_flowsetpoint,Rm315_maxflow,Rm315_minflow,Rm315_occunocc,Rm315_spacesetpoint,Rm315_spacetemp,Rm316_boxflow,Rm316_flowsetpoint,Rm316_maxflow,Rm316_minflow,Rm316_occunocc,Rm316_spacesetpoint,Rm316_spacetemp,Rm319_boxflow,Rm319_flowsetpoint,Rm319_maxflow,Rm319_minflow,Rm319_occunocc,Rm319_spacesetpoint,Rm319_spacetemp,Rm402_boxflow,Rm402_flowsetpoint,Rm402_maxflow,Rm402_minflow,Rm402_occunocc,Rm402_spacesetpoint,Rm402_spacetemp,Rm406_boxflow,Rm406_flowsetpoint,Rm406_maxflow,Rm406_minflow,Rm406_occunocc,Rm406_spacesetpoint,Rm406_spacetemp,Rm408_boxflow,Rm408_flowsetpoint,Rm408_maxflow,Rm408_minflow,Rm408_occunocc,Rm408_spacesetpoint,Rm408_spacetemp,Rm409_boxflow,Rm409_flowsetpoint,Rm409_maxflow,Rm409_minflow,Rm409_occunocc,Rm409_spacesetpoint,Rm409_spacetemp,Rm411_boxflow,Rm411_flowsetpoint,Rm411_maxflow,Rm411_minflow,Rm411_occunocc,Rm411_spacesetpoint,Rm411_spacetemp,Rm412_boxflow,Rm412_flowsetpoint,Rm412_maxflow,Rm412_minflow,Rm412_occunocc,Rm412_spacesetpoint,Rm412_spacetemp,Rm413_boxflow,Rm413_flowsetpoint,Rm413_maxflow,Rm413_minflow,Rm413_occunocc,Rm413_spacesetpoint,Rm413_spacetemp,Rm414_boxflow,Rm414_flowsetpoint,Rm414_maxflow,Rm414_minflow,Rm414_occunocc,Rm414_spacesetpoint,Rm414_spacetemp,Rm415_boxflow,Rm415_flowsetpoint,Rm415_maxflow,Rm415_minflow,Rm415_occunocc,Rm415_spacesetpoint,Rm415_spacetemp,Rm417_boxflow,Rm417_flowsetpoint,Rm417_maxflow,Rm417_minflow,Rm417_occunocc,Rm417_spacesetpoint,Rm417_spacetemp,Rm502_boxflow,Rm502_flowsetpoint,Rm502_maxflow,Rm502_minflow,Rm502_occunocc,Rm502_spacesetpoint,Rm502_spacetemp,Rm503_boxflow,Rm503_flowsetpoint,Rm503_maxflow,Rm503_minflow,Rm503_occunocc,Rm503_spacesetpoint,Rm503_spacetemp,Rm504_boxflow,Rm504_flowsetpoint,Rm504_maxflow,Rm504_minflow,Rm504_occunocc,Rm504_spacesetpoint,Rm504_spacetemp,Rm505_boxflow,Rm505_flowsetpoint,Rm505_maxflow,Rm505_minflow,Rm505_occunocc,Rm505_spacesetpoint,Rm505_spacetemp,Rm507_boxflow,Rm507_flowsetpoint,Rm507_maxflow,Rm507_minflow,Rm507_occunocc,Rm507_spacesetpoint,Rm507_spacetemp,Rm510_boxflow,Rm510_flowsetpoint,Rm510_maxflow,Rm510_minflow,Rm510_occunocc,Rm510_spacesetpoint,Rm510_spacetemp,Rm513_boxflow,Rm513_flowsetpoint,Rm513_maxflow,Rm513_minflow,Rm513_occunocc,Rm513_spacesetpoint,Rm513_spacetemp,Rm514_boxflow,Rm514_flowsetpoint,Rm514_maxflow,Rm514_minflow,Rm514_occunocc,Rm514_spacesetpoint,Rm514_spacetemp,Rm515_boxflow,Rm515_flowsetpoint,Rm515_maxflow,Rm515_minflow,Rm515_occunocc,Rm515_spacesetpoint,Rm515_spacetemp,Rm517_boxflow,Rm517_flowsetpoint,Rm517_maxflow,Rm517_minflow,Rm517_occunocc,Rm517_spacesetpoint,Rm517_spacetemp,Rm519_boxflow,Rm519_flowsetpoint,Rm519_maxflow,Rm519_minflow,Rm519_occunocc,Rm519_spacesetpoint,Rm519_spacetemp,Rm602_boxflow,Rm602_flowsetpoint,Rm602_maxflow,Rm602_minflow,Rm602_occunocc,Rm602_spacesetpoint,Rm602_spacetemp,Rm603_boxflow,Rm603_flowsetpoint,Rm603_maxflow,Rm603_minflow,Rm603_occunocc,Rm603_spacesetpoint,Rm603_spacetemp,Rm604_boxflow,Rm604_flowsetpoint,Rm604_maxflow,Rm604_minflow,Rm604_occunocc,Rm604_spacesetpoint,Rm604_spacetemp,Rm605_boxflow,Rm605_flowsetpoint,Rm605_maxflow,Rm605_minflow,Rm605_occunocc,Rm605_spacesetpoint,Rm605_spacetemp,Rm607_boxflow,Rm607_flowsetpoint,Rm607_maxflow,Rm607_minflow,Rm607_occunocc,Rm607_spacesetpoint,Rm607_spacetemp,Rm611_boxflow,Rm611_flowsetpoint,Rm611_maxflow,Rm611_minflow,Rm611_occunocc,Rm611_spacesetpoint,Rm611_spacetemp,Rm613_boxflow,Rm613_flowsetpoint,Rm613_maxflow,Rm613_minflow,Rm613_occunocc,Rm613_spacesetpoint,Rm613_spacetemp,Rm614_boxflow,Rm614_flowsetpoint,Rm614_maxflow,Rm614_minflow,Rm614_occunocc,Rm614_spacesetpoint,Rm614_spacetemp,Rm615_boxflow,Rm615_flowsetpoint,Rm615_maxflow,Rm615_minflow,Rm615_occunocc,Rm615_spacesetpoint,Rm615_spacetemp,Rm617_boxflow,Rm617_flowsetpoint,Rm617_maxflow,Rm617_minflow,Rm617_occunocc,Rm617_spacesetpoint,Rm617_spacetemp,Rm702_boxflow,Rm702_flowsetpoint,Rm702_maxflow,Rm702_minflow,Rm702_occunocc,Rm702_spacesetpoint,Rm702_spacetemp,Rm704_boxflow,Rm704_flowsetpoint,Rm704_maxflow,Rm704_minflow,Rm704_occunocc,Rm704_spacesetpoint,Rm704_spacetemp,Rm707_boxflow,Rm707_flowsetpoint,Rm707_maxflow,Rm707_minflow,Rm707_occunocc,Rm707_spacesetpoint,Rm707_spacetemp,Rm709_boxflow,Rm709_flowsetpoint,Rm709_maxflow,Rm709_minflow,Rm709_occunocc,Rm709_spacesetpoint,Rm709_spacetemp,Rm710_boxflow,Rm710_flowsetpoint,Rm710_maxflow,Rm710_minflow,Rm710_occunocc,Rm710_spacesetpoint,Rm710_spacetemp,Rm711_boxflow,Rm711_flowsetpoint,Rm711_maxflow,Rm711_minflow,Rm711_occunocc,Rm711_spacesetpoint,Rm711_spacetemp,Rm712_boxflow,Rm712_flowsetpoint,Rm712_maxflow,Rm712_minflow,Rm712_occunocc,Rm712_spacesetpoint,Rm712_spacetemp,Rm714_boxflow,Rm714_flowsetpoint,Rm714_maxflow,Rm714_minflow,Rm714_occunocc,Rm714_spacesetpoint,Rm714_spacetemp,Rm802_boxflow,Rm802_flowsetpoint,Rm802_maxflow,Rm802_minflow,Rm802_occunocc,Rm802_spacesetpoint,Rm802_spacetemp,Rm803_boxflow,Rm803_flowsetpoint,Rm803_maxflow,Rm803_minflow,Rm803_occunocc,Rm803_spacesetpoint,Rm803_spacetemp,Rm804_boxflow,Rm804_flowsetpoint,Rm804_maxflow,Rm804_minflow,Rm804_occunocc,Rm804_spacesetpoint,Rm804_spacetemp,Rm805_boxflow,Rm805_flowsetpoint,Rm805_maxflow,Rm805_minflow,Rm805_occunocc,Rm805_spacesetpoint,Rm805_spacetemp,Rm806_boxflow,Rm806_flowsetpoint,Rm806_maxflow,Rm806_minflow,Rm806_occunocc,Rm806_spacesetpoint,Rm806_spacetemp,Rm809_boxflow,Rm809_flowsetpoint,Rm809_maxflow,Rm809_minflow,Rm809_occunocc,Rm809_spacesetpoint,Rm809_spacetemp,Rm404_405_boxflow,Rm404_405_flowsetpoint,Rm404_405_hwvalve,Rm404_405_maxflow,Rm404_405_minflow,Rm404_405_occunocc,Rm404_405_spacesetpoint,Rm404_405_spacetemp,Rm703_boxflow,Rm703_flowsetpoint,Rm703_hwvalve,Rm703_maxflow,Rm703_minflow,Rm703_occunocc,Rm703_spacesetpoint,Rm703_spacetemp,RmF2_BRIDG_boxflow,RmF2_BRIDG_flowsetpoint,RmF2_BRIDG_hwvalve,RmF2_BRIDG_maxflow,RmF2_BRIDG_minflow,RmF2_BRIDG_occunocc,RmF2_BRIDG_spacesetpoint,RmF2_BRIDG_spacetemp,RmF3_BRIDG_boxflow,RmF3_BRIDG_flowsetpoint,RmF3_BRIDG_hwvalve,RmF3_BRIDG_maxflow,RmF3_BRIDG_minflow,RmF3_BRIDG_occunocc,RmF3_BRIDG_spacesetpoint,RmF3_BRIDG_spacetemp,RmF4_BRIDG_boxflow,RmF4_BRIDG_flowsetpoint,RmF4_BRIDG_hwvalve,RmF4_BRIDG_maxflow,RmF4_BRIDG_minflow,RmF4_BRIDG_occunocc,RmF4_BRIDG_spacesetpoint,RmF4_BRIDG_spacetemp,RmF5_BRIDG_boxflow,RmF5_BRIDG_flowsetpoint,RmF5_BRIDG_hwvalve,RmF5_BRIDG_maxflow,RmF5_BRIDG_minflow,RmF5_BRIDG_occunocc,RmF5_BRIDG_spacesetpoint,RmF5_BRIDG_spacetemp,RmF6_BRIDG_boxflow,RmF6_BRIDG_flowsetpoint,RmF6_BRIDG_hwvalve,RmF6_BRIDG_maxflow,RmF6_BRIDG_minflow,RmF6_BRIDG_occunocc,RmF6_BRIDG_spacesetpoint,RmF6_BRIDG_spacetemp,OA_Temp,SpaceTemp,filter,freeze,minoaflow,minoutair,outair,precoolvalve,preheattemp,ratemp,reliefair,returnhumid,rfancmd,rfanopr,rfanvfd,sastatic,satemp,sfancmd,sfandis,sfanopr,sfanvfd,smoke,steamvalve,syscmd,vfdreset,cwrtemp,cwsenable,cwstemp,leadpump,mainchillersignal,pump3cmd,pump3oper,pump4cmd,pump4oper,seqreset,OATemp,entrancelights,instrumentair,mainsteam,toiletexcmd,toiletexopr,hwrtemp,hwstemp,pump1cmd,pump1oper,pump2cmd,pump2oper
2017-04-30 22:31:19.222636,104.39994,Inactive,Active,64.50,272.00,250.00,900.00,250.00,On,73.12,71.55,918.00,900.00,900.00,250.00,On,71.12,71.55,24.00,30.00,200.00,0.00,On,74.00,73.99,34.00,38.00,330.00,0.00,On,73.98,74.02,0.00,0.00,660.00,0.00,On,74.00,72.52,149.00,147.00,330.00,0.00,On,74.00,74.02,0.00,0.00,630.00,0.00,On,74.00,72.22,0.00,0.00,420.00,0.00,On,74.00,71.32,0.00,0.00,600.00,0.00,On,74.00,72.67,0.00,0.00,200.00,0.00,On,74.00,72.52,110.00,120.00,350.00,0.00,On,72.83,72.97,308.00,302.00,500.00,300.00,On,74.00,73.83,88.00,77.00,400.00,0.00,On,74.00,73.91,199.00,218.00,1200.00,0.00,On,72.00,72.07,444.00,429.00,750.00,0.00,On,72.00,72.07,0.00,0.00,150.00,0.00,On,75.80,73.87,0.00,0.00,395.00,0.00,On,76.00,74.02,0.00,0.00,250.00,0.00,On,76.03,72.22,116.00,119.00,310.00,0.00,On,70.00,69.97,0.00,0.00,175.00,0.00,On,76.00,72.81,137.00,110.00,1200.00,0.00,On,72.00,71.92,0.00,0.00,1240.00,0.00,On,73.00,72.52,0.00,0.00,225.00,0.00,On,75.00,71.91,87.00,94.00,250.00,0.00,On,71.90,71.92,408.00,350.00,350.00,0.00,On,70.00,70.45,184.00,199.00,475.00,0.00,On,72.60,72.66,145.00,153.00,475.00,0.00,On,74.00,74.02,0.00,0.00,500.00,0.00,On,74.00,72.52,93.00,102.00,350.00,0.00,On,71.12,71.16,126.00,135.00,400.00,0.00,On,70.00,70.11,196.00,212.00,400.00,50.00,On,70.00,70.25,0.00,0.00,0.00,0.00,Off,0.00,0.00,0.00,29.00,275.00,0.00,On,74.00,74.02,0.00,0.00,150.00,0.00,On,72.83,72.52,87.00,82.00,400.00,0.00,On,70.00,70.00,58.00,63.00,250.00,0.00,On,70.88,71.03,0.00,0.00,680.00,0.00,On,74.00,72.67,65.00,48.00,540.00,0.00,On,74.00,73.93,168.00,153.00,550.00,0.00,On,74.00,74.28,0.00,0.00,525.00,0.00,On,74.00,73.41,71.00,95.00,700.00,0.00,On,70.00,69.97,0.00,0.00,800.00,0.00,On,74.00,73.13,139.00,162.00,620.00,0.00,On,74.00,74.05,150.00,156.00,745.00,0.00,On,72.00,72.22,206.00,218.00,235.00,0.00,On,70.00,70.14,327.00,328.00,350.00,0.00,On,70.00,69.97,199.00,238.00,475.00,0.00,On,71.80,71.80,283.00,257.00,1200.00,0.00,On,70.00,69.98,0.00,0.00,700.00,0.00,On,70.00,72.27,0.00,0.00,1080.00,0.00,On,74.00,72.67,0.00,0.00,700.00,0.00,On,72.48,71.55,0.00,0.00,525.00,0.00,On,74.00,72.97,132.00,68.00,1200.00,0.00,On,72.38,72.22,364.00,375.00,1000.00,0.00,On,70.83,70.88,87.00,89.00,250.00,0.00,On,72.77,72.79,118.00,135.00,400.00,0.00,On,70.00,69.97,73.00,124.00,700.00,0.00,On,78.00,77.77,197.00,220.00,1000.00,0.00,On,71.40,71.62,222.00,0.00,700.00,0.00,On,74.00,71.32,131.00,153.00,400.00,0.00,On,70.00,70.11,0.00,45.00,800.00,0.00,On,74.00,73.87,0.00,0.00,1050.00,0.00,On,74.00,73.87,193.00,190.00,200.00,0.00,On,70.48,70.42,450.00,450.00,450.00,100.00,On,70.00,72.21,179.00,123.00,1080.00,0.00,On,74.00,73.99,381.00,374.00,1480.00,0.00,On,70.00,69.97,188.00,192.00,620.00,0.00,On,70.00,70.11,0.00,69.00,450.00,0.00,On,70.00,70.11,110.00,97.00,450.00,0.00,On,70.95,70.84,126.00,117.00,400.00,0.00,On,70.88,70.88,986.00,1200.00,0.00,1200.00,0.00,On,72.00,72.81,269.00,184.00,0.00,1200.00,100.00,On,73.86,73.55,769.00,806.00,0.00,1000.00,300.00,On,72.00,72.36,531.00,500.00,33.39,1500.00,500.00,On,72.00,69.97,829.00,837.00,0.00,1500.00,500.00,On,72.00,72.09,540.00,500.00,68.88,1500.00,500.00,On,72.00,69.66,658.00,652.00,0.00,1500.00,500.00,On,72.00,71.90,64.5,70.00,Off,Normal,3446.98,100.00,0.00,60.97,71.84,75.19,0.00,44.28,On,On,32.44,1.71,55.51,On,On,On,32.44,On,29.16,On,On,0.00,On,43.84,CWP-3,On,On,On,Off,Off,On,64.50,Off,Off,On,On,On,93.32,94.55,On,On,Off,Off
2017-04-30 22:32:33.442276,126.85069,Inactive,Active,64.50,272.00,250.00,900.00,250.00,On,73.12,71.59,912.00,900.00,900.00,250.00,On,71.12,71.48,22.00,32.00,200.00,0.00,On,74.00,74.02,34.00,39.00,330.00,0.00,On,73.98,74.02,0.00,0.00,660.00,0.00,On,74.00,72.52,149.00,148.00,330.00,0.00,On,74.00,74.02,0.00,0.00,630.00,0.00,On,74.00,72.22,0.00,0.00,420.00,0.00,On,74.00,71.38,0.00,0.00,600.00,0.00,On,74.00,72.67,0.00,0.00,200.00,0.00,On,74.00,72.52,110.00,120.00,350.00,0.00,On,72.83,72.97,308.00,302.00,500.00,300.00,On,74.00,73.83,88.00,77.00,400.00,0.00,On,74.00,73.91,199.00,218.00,1200.00,0.00,On,72.00,72.07,444.00,429.00,750.00,0.00,On,72.00,72.07,0.00,0.00,150.00,0.00,On,75.80,73.87,0.00,0.00,395.00,0.00,On,76.00,74.02,0.00,0.00,250.00,0.00,On,76.03,72.22,116.00,119.00,310.00,0.00,On,70.00,69.97,0.00,0.00,175.00,0.00,On,76.00,72.81,137.00,110.00,1200.00,0.00,On,72.00,71.92,0.00,0.00,1240.00,0.00,On,73.00,72.52,0.00,0.00,225.00,0.00,On,75.00,71.91,87.00,94.00,250.00,0.00,On,71.90,71.92,408.00,350.00,350.00,0.00,On,70.00,70.45,184.00,199.00,475.00,0.00,On,72.60,72.66,145.00,153.00,475.00,0.00,On,74.00,74.02,0.00,0.00,500.00,0.00,On,74.00,72.52,93.00,102.00,350.00,0.00,On,71.12,71.16,126.00,135.00,400.00,0.00,On,70.00,70.11,196.00,212.00,400.00,50.00,On,70.00,70.25,0.00,29.00,275.00,0.00,On,74.00,74.02,0.00,0.00,150.00,0.00,On,72.83,72.52,87.00,82.00,400.00,0.00,On,70.00,70.00,58.00,63.00,250.00,0.00,On,70.88,71.03,0.00,0.00,680.00,0.00,On,74.00,72.67,65.00,48.00,540.00,0.00,On,74.00,73.93,168.00,153.00,550.00,0.00,On,74.00,74.28,0.00,0.00,525.00,0.00,On,74.00,73.41,71.00,95.00,700.00,0.00,On,70.00,69.97,0.00,0.00,800.00,0.00,On,74.00,73.13,139.00,162.00,620.00,0.00,On,74.00,74.05,150.00,156.00,745.00,0.00,On,72.00,72.22,206.00,218.00,235.00,0.00,On,70.00,70.14,325.00,328.00,350.00,0.00,On,70.00,69.97,221.00,232.00,475.00,0.00,On,71.80,71.77,270.00,250.00,1200.00,0.00,On,70.00,69.97,0.00,0.00,700.00,0.00,On,70.00,72.36,0.00,0.00,1080.00,0.00,On,74.00,72.67,0.00,0.00,700.00,0.00,On,72.48,71.55,0.00,0.00,525.00,0.00,On,74.00,72.97,104.00,66.00,1200.00,0.00,On,72.38,72.22,369.00,376.00,1000.00,0.00,On,70.83,70.88,87.00,89.00,250.00,0.00,On,72.77,72.79,118.00,135.00,400.00,0.00,On,70.00,69.97,123.00,121.00,700.00,0.00,On,78.00,77.77,178.00,224.00,1000.00,0.00,On,71.40,71.62,223.00,0.00,700.00,0.00,On,74.00,71.32,136.00,131.00,400.00,0.00,On,70.00,69.94,0.00,86.00,800.00,0.00,On,74.00,74.02,0.00,0.00,1050.00,0.00,On,74.00,73.87,193.00,190.00,200.00,0.00,On,70.48,70.42,449.00,450.00,450.00,100.00,On,70.00,72.11,124.00,85.00,1080.00,0.00,On,74.00,73.89,377.00,373.00,1480.00,0.00,On,70.00,69.97,172.00,163.00,620.00,0.00,On,70.00,69.97,124.00,86.00,450.00,0.00,On,70.00,70.21,69.00,134.00,450.00,0.00,On,70.95,71.08,127.00,117.00,400.00,0.00,On,70.88,70.88,1012.00,1200.00,0.00,1200.00,0.00,On,72.00,72.81,244.00,218.00,0.00,1200.00,100.00,On,73.86,73.66,788.00,809.00,0.00,1000.00,300.00,On,72.00,72.34,531.00,505.00,0.00,1500.00,500.00,On,72.00,70.59,831.00,833.00,0.00,1500.00,500.00,On,72.00,72.07,540.00,500.00,62.84,1500.00,500.00,On,72.00,69.82,658.00,710.00,0.00,1500.00,500.00,On,72.00,72.07,64.5,72.10,Off,Normal,5997.09,78.05,0.00,59.52,71.68,74.98,0.00,44.31,On,On,32.85,1.70,55.19,On,On,On,32.85,On,29.23,On,On,0.00,On,43.84,CWP-3,On,On,On,Off,Off,On,64.50,Off,Off,On,On,On,93.63,94.59,On,On,Off,Off
2017-04-30 22:34:14.210798,124.753185,Inactive,Active,64.61,272.00,250.00,900.00,250.00,On,73.13,71.46,901.00,862.00,900.00,250.00,On,71.12,71.28,22.00,32.00,200.00,0.00,On,74.00,74.02,33.00,39.00,330.00,0.00,On,73.98,74.02,0.00,0.00,660.00,0.00,On,74.00,72.52,149.00,148.00,330.00,0.00,On,74.00,74.02,0.00,0.00,630.00,0.00,On,74.00,72.22,0.00,0.00,420.00,0.00,On,74.00,71.46,0.00,0.00,600.00,0.00,On,74.00,72.67,0.00,0.00,200.00,0.00,On,74.00,72.52,110.00,121.00,350.00,0.00,On,72.83,72.97,311.00,304.00,500.00,300.00,On,74.00,73.87,93.00,92.00,400.00,0.00,On,74.00,74.02,206.00,219.00,1200.00,0.00,On,72.00,72.07,445.00,430.00,750.00,0.00,On,72.00,72.07,0.00,0.00,150.00,0.00,On,75.80,73.87,0.00,0.00,395.00,0.00,On,76.00,74.02,0.00,0.00,250.00,0.00,On,76.03,72.22,116.00,119.00,310.00,0.00,On,70.00,69.98,0.00,0.00,175.00,0.00,On,76.00,72.81,150.00,110.00,1200.00,0.00,On,72.00,71.93,0.00,0.00,1240.00,0.00,On,73.00,72.52,0.00,0.00,225.00,0.00,On,75.00,71.91,87.00,92.00,250.00,0.00,On,71.91,71.91,408.00,350.00,350.00,0.00,On,70.00,70.42,196.00,201.00,475.00,0.00,On,72.60,72.67,145.00,154.00,475.00,0.00,On,74.00,74.02,0.00,0.00,500.00,0.00,On,74.00,72.52,93.00,102.00,350.00,0.00,On,71.12,71.16,125.00,137.00,400.00,0.00,On,70.00,70.11,219.00,217.00,400.00,50.00,On,70.00,70.27,0.00,29.00,275.00,0.00,On,74.00,74.02,0.00,0.00,150.00,0.00,On,72.83,72.52,89.00,91.00,400.00,0.00,On,70.00,70.07,67.00,50.00,250.00,0.00,On,70.88,70.87,0.00,0.00,680.00,0.00,On,74.00,72.67,42.00,65.00,540.00,0.00,On,74.00,74.02,166.00,168.00,550.00,0.00,On,74.00,74.34,0.00,0.00,525.00,0.00,On,74.00,73.41,113.00,95.00,700.00,0.00,On,70.00,69.97,0.00,0.00,800.00,0.00,On,74.00,73.13,134.00,163.00,620.00,0.00,On,74.00,74.05,133.00,161.00,745.00,0.00,On,72.00,72.22,216.00,194.00,235.00,0.00,On,70.00,69.83,325.00,328.00,350.00,0.00,On,70.00,69.97,221.00,232.00,475.00,0.00,On,71.80,71.77,270.00,250.00,1200.00,0.00,On,70.00,69.97,0.00,0.00,700.00,0.00,On,70.00,72.36,0.00,0.00,1080.00,0.00,On,74.00,72.67,0.00,0.00,700.00,0.00,On,72.48,71.55,0.00,0.00,525.00,0.00,On,74.00,72.97,104.00,66.00,1200.00,0.00,On,72.38,72.22,369.00,376.00,1000.00,0.00,On,70.83,70.88,87.00,89.00,250.00,0.00,On,72.77,72.79,118.00,135.00,400.00,0.00,On,70.00,69.97,123.00,121.00,700.00,0.00,On,78.00,77.77,178.00,224.00,1000.00,0.00,On,71.40,71.62,223.00,0.00,700.00,0.00,On,74.00,71.32,136.00,131.00,400.00,0.00,On,70.00,69.94,0.00,86.00,800.00,0.00,On,74.00,74.02,0.00,0.00,1050.00,0.00,On,74.00,73.87,193.00,192.00,200.00,0.00,On,70.48,70.45,452.00,450.00,450.00,100.00,On,70.00,72.16,104.00,82.00,1080.00,0.00,On,74.00,73.89,378.00,371.00,1480.00,0.00,On,70.00,69.97,155.00,175.00,620.00,0.00,On,70.00,70.02,212.00,122.00,450.00,0.00,On,70.00,70.42,131.00,148.00,450.00,0.00,On,70.95,71.16,126.00,117.00,400.00,0.00,On,70.88,70.88,994.00,1200.00,0.00,1200.00,0.00,On,72.00,72.81,211.00,258.00,0.00,1200.00,100.00,On,73.86,73.78,788.00,816.00,0.00,1000.00,300.00,On,72.00,72.36,531.00,500.00,0.00,1500.00,500.00,On,72.00,69.98,841.00,824.00,0.00,1500.00,500.00,On,72.00,72.04,541.00,500.00,56.66,1500.00,500.00,On,72.00,69.97,656.00,705.00,0.00,1500.00,500.00,On,72.00,72.05,64.6,72.11,Off,Normal,3076.09,100.00,0.00,61.50,72.08,74.89,0.00,44.30,On,On,32.90,1.70,55.30,On,On,On,32.90,On,28.37,On,On,0.00,On,43.84,CWP-3,On,On,On,Off,Off,On,64.61,Off,Off,On,On,On,93.70,94.98,On,On,Off,Off
2017-04-30 22:35:08.875415,138.093394,Inactive,Active,64.72,272.00,250.00,900.00,250.00,On,73.13,71.46,901.00,862.00,900.00,250.00,On,71.12,71.28,22.00,32.00,200.00,0.00,On,74.00,74.02,33.00,39.00,330.00,0.00,On,73.98,74.02,0.00,0.00,660.00,0.00,On,74.00,72.52,149.00,148.00,330.00,0.00,On,74.00,74.02,0.00,0.00,630.00,0.00,On,74.00,72.22,0.00,0.00,420.00,0.00,On,74.00,71.46,0.00,0.00,600.00,0.00,On,74.00,72.67,0.00,0.00,200.00,0.00,On,74.00,72.52,110.00,121.00,350.00,0.00,On,72.83,72.97,311.00,304.00,500.00,300.00,On,74.00,73.87,93.00,92.00,400.00,0.00,On,74.00,74.02,206.00,219.00,1200.00,0.00,On,72.00,72.07,445.00,430.00,750.00,0.00,On,72.00,72.07,0.00,0.00,150.00,0.00,On,75.80,73.87,0.00,0.00,395.00,0.00,On,76.00,74.02,0.00,0.00,250.00,0.00,On,76.03,72.22,116.00,119.00,310.00,0.00,On,70.00,69.98,0.00,0.00,175.00,0.00,On,76.00,72.81,150.00,110.00,1200.00,0.00,On,72.00,71.93,0.00,0.00,1240.00,0.00,On,73.00,72.52,0.00,0.00,225.00,0.00,On,75.00,71.91,87.00,94.00,250.00,0.00,On,71.89,71.92,409.00,350.00,350.00,0.00,On,70.00,70.42,197.00,203.00,475.00,0.00,On,72.59,72.67,145.00,154.00,475.00,0.00,On,74.00,74.02,0.00,0.00,500.00,0.00,On,74.00,72.52,93.00,102.00,350.00,0.00,On,71.12,71.16,126.00,138.00,400.00,0.00,On,70.00,70.11,215.00,218.00,400.00,50.00,On,70.00,70.27,0.00,30.00,275.00,0.00,On,74.00,74.02,0.00,0.00,150.00,0.00,On,72.83,72.60,89.00,78.00,400.00,0.00,On,70.00,69.97,67.00,37.00,250.00,0.00,On,70.88,70.72,0.00,0.00,680.00,0.00,On,74.00,72.69,80.00,65.00,540.00,0.00,On,74.00,74.02,164.00,173.00,550.00,0.00,On,74.00,74.34,0.00,0.00,525.00,0.00,On,74.00,73.42,121.00,94.00,700.00,0.00,On,70.00,69.97,0.00,0.00,800.00,0.00,On,74.00,73.13,139.00,178.00,620.00,0.00,On,74.00,74.13,175.00,165.00,745.00,0.00,On,72.00,72.22,212.00,217.00,235.00,0.00,On,70.00,70.11,327.00,330.00,350.00,0.00,On,70.00,69.98,218.00,232.00,475.00,0.00,On,71.80,71.77,266.00,253.00,1200.00,0.00,On,70.00,69.98,0.00,0.00,700.00,0.00,On,70.00,72.36,0.00,0.00,1080.00,0.00,On,74.00,72.67,0.00,0.00,700.00,0.00,On,72.48,71.55,0.00,0.00,525.00,0.00,On,74.00,72.97,0.00,61.00,1200.00,0.00,On,72.38,72.22,373.00,377.00,1000.00,0.00,On,70.83,70.88,89.00,91.00,250.00,0.00,On,72.77,72.81,118.00,137.00,400.00,0.00,On,70.00,69.98,100.00,63.00,700.00,0.00,On,78.00,77.53,178.00,229.00,1000.00,0.00,On,71.40,71.62,222.00,0.00,700.00,0.00,On,74.00,71.32,136.00,129.00,400.00,0.00,On,70.00,69.94,0.00,87.00,800.00,0.00,On,74.00,74.02,0.00,0.00,1050.00,0.00,On,74.00,73.87,193.00,192.00,200.00,0.00,On,70.48,70.45,452.00,450.00,450.00,100.00,On,70.00,72.16,104.00,82.00,1080.00,0.00,On,74.00,73.89,378.00,371.00,1480.00,0.00,On,70.00,69.97,155.00,175.00,620.00,0.00,On,70.00,70.02,212.00,122.00,450.00,0.00,On,70.00,70.42,131.00,148.00,450.00,0.00,On,70.95,71.16,126.00,117.00,400.00,0.00,On,70.88,70.88,994.00,1200.00,0.00,1200.00,0.00,On,72.00,72.81,211.00,258.00,0.00,1200.00,100.00,On,73.86,73.78,788.00,816.00,0.00,1000.00,300.00,On,72.00,72.36,531.00,500.00,0.00,1500.00,500.00,On,72.00,69.98,841.00,824.00,0.00,1500.00,500.00,On,72.00,72.04,541.00,500.00,56.66,1500.00,500.00,On,72.00,69.97,656.00,705.00,0.00,1500.00,500.00,On,72.00,72.05,64.7,72.11,Off,Normal,1958.92,100.00,0.00,60.85,72.26,75.14,0.00,44.31,On,On,33.21,1.68,54.71,On,On,On,33.21,On,28.37,On,On,0.00,On,43.84,CWP-3,On,On,On,Off,Off,On,64.61,Off,Off,On,On,On,93.70,94.98,On,On,Off,Off
2017-04-30 22:35:22.208855,191.085813,Inactive,Active,64.72,272.00,250.00,900.00,250.00,On,73.13,71.46,901.00,862.00,900.00,250.00,On,71.12,71.28,22.00,32.00,200.00,0.00,On,74.00,74.02,33.00,39.00,330.00,0.00,On,73.98,74.02,0.00,0.00,660.00,0.00,On,74.00,72.52,149.00,148.00,330.00,0.00,On,74.00,74.02,0.00,0.00,630.00,0.00,On,74.00,72.22,0.00,0.00,420.00,0.00,On,74.00,71.46,0.00,0.00,600.00,0.00,On,74.00,72.67,0.00,0.00,200.00,0.00,On,74.00,72.52,110.00,121.00,350.00,0.00,On,72.83,72.97,311.00,304.00,500.00,300.00,On,74.00,73.87,93.00,92.00,400.00,0.00,On,74.00,74.02,206.00,219.00,1200.00,0.00,On,72.00,72.07,445.00,430.00,750.00,0.00,On,72.00,72.07,0.00,0.00,150.00,0.00,On,75.80,73.87,0.00,0.00,395.00,0.00,On,76.00,74.02,0.00,0.00,250.00,0.00,On,76.03,72.22,116.00,119.00,310.00,0.00,On,70.00,69.97,0.00,0.00,175.00,0.00,On,76.00,72.81,122.00,105.00,1200.00,0.00,On,72.00,71.92,0.00,0.00,1240.00,0.00,On,73.00,72.52,0.00,0.00,225.00,0.00,On,75.00,71.91,87.00,94.00,250.00,0.00,On,71.89,71.92,409.00,350.00,350.00,0.00,On,70.00,70.42,197.00,203.00,475.00,0.00,On,72.59,72.67,145.00,154.00,475.00,0.00,On,74.00,74.02,0.00,0.00,500.00,0.00,On,74.00,72.52,93.00,102.00,350.00,0.00,On,71.12,71.16,126.00,138.00,400.00,0.00,On,70.00,70.11,215.00,218.00,400.00,50.00,On,70.00,70.27,0.00,30.00,275.00,0.00,On,74.00,74.02,0.00,0.00,150.00,0.00,On,72.83,72.60,89.00,78.00,400.00,0.00,On,70.00,69.97,67.00,37.00,250.00,0.00,On,70.88,70.72,0.00,0.00,680.00,0.00,On,74.00,72.69,80.00,65.00,540.00,0.00,On,74.00,74.02,164.00,173.00,550.00,0.00,On,74.00,74.34,0.00,0.00,525.00,0.00,On,74.00,73.42,121.00,94.00,700.00,0.00,On,70.00,69.97,0.00,0.00,800.00,0.00,On,74.00,73.13,139.00,178.00,620.00,0.00,On,74.00,74.13,175.00,165.00,745.00,0.00,On,72.00,72.22,212.00,217.00,235.00,0.00,On,70.00,70.11,327.00,330.00,350.00,0.00,On,70.00,69.98,218.00,232.00,475.00,0.00,On,71.80,71.77,266.00,253.00,1200.00,0.00,On,70.00,69.98,0.00,0.00,700.00,0.00,On,70.00,72.36,0.00,0.00,1080.00,0.00,On,74.00,72.67,0.00,0.00,700.00,0.00,On,72.48,71.55,0.00,0.00,525.00,0.00,On,74.00,72.97,0.00,61.00,1200.00,0.00,On,72.38,72.22,373.00,377.00,1000.00,0.00,On,70.83,70.88,89.00,91.00,250.00,0.00,On,72.77,72.81,118.00,137.00,400.00,0.00,On,70.00,69.98,100.00,63.00,700.00,0.00,On,78.00,77.53,178.00,229.00,1000.00,0.00,On,71.40,71.62,222.00,0.00,700.00,0.00,On,74.00,71.32,136.00,129.00,400.00,0.00,On,70.00,69.94,0.00,87.00,800.00,0.00,On,74.00,74.02,0.00,0.00,1050.00,0.00,On,74.00,73.87,193.00,192.00,200.00,0.00,On,70.48,70.45,452.00,450.00,450.00,100.00,On,70.00,72.16,104.00,82.00,1080.00,0.00,On,74.00,73.89,378.00,371.00,1480.00,0.00,On,70.00,69.97,155.00,175.00,620.00,0.00,On,70.00,70.02,212.00,122.00,450.00,0.00,On,70.00,70.42,131.00,148.00,450.00,0.00,On,70.95,71.16,126.00,117.00,400.00,0.00,On,70.88,70.88,994.00,1200.00,0.00,1200.00,0.00,On,72.00,72.81,211.00,258.00,0.00,1200.00,100.00,On,73.86,73.78,788.00,816.00,0.00,1000.00,300.00,On,72.00,72.36,531.00,500.00,0.00,1500.00,500.00,On,72.00,69.98,841.00,824.00,0.00,1500.00,500.00,On,72.00,72.04,541.00,500.00,56.66,1500.00,500.00,On,72.00,69.97,656.00,705.00,0.00,1500.00,500.00,On,72.00,72.05,64.7,72.11,Off,Normal,4527.52,90.52,0.00,61.47,72.33,75.36,0.00,44.28,On,On,32.78,1.70,55.65,On,On,On,32.78,On,28.37,On,On,0.00,On,43.84,CWP-3,On,On,On,Off,Off,On,64.72,Off,Off,On,On,On,93.70,94.98,On,On,Off,Off
2017-04-30 22:36:15.229460,244.599277,Inactive,Active,64.72,271.00,250.00,900.00,250.00,On,73.12,71.46,809.00,830.00,900.00,250.00,On,71.12,71.13,22.00,32.00,200.00,0.00,On,74.00,74.02,34.00,39.00,330.00,0.00,On,73.98,74.02,0.00,0.00,660.00,0.00,On,74.00,72.52,149.00,148.00,330.00,0.00,On,74.00,74.02,0.00,0.00,630.00,0.00,On,74.00,72.22,0.00,0.00,420.00,0.00,On,74.00,71.46,0.00,0.00,600.00,0.00,On,74.00,72.67,0.00,0.00,200.00,0.00,On,74.00,72.52,110.00,121.00,350.00,0.00,On,72.83,72.97,311.00,313.00,500.00,300.00,On,74.00,74.00,93.00,92.00,400.00,0.00,On,74.00,74.02,192.00,221.00,1200.00,0.00,On,72.00,72.07,444.00,431.00,750.00,0.00,On,72.00,72.07,0.00,0.00,150.00,0.00,On,75.80,73.87,0.00,0.00,395.00,0.00,On,76.00,74.02,0.00,0.00,250.00,0.00,On,76.03,72.22,116.00,119.00,310.00,0.00,On,70.00,69.97,0.00,0.00,175.00,0.00,On,76.00,72.81,122.00,105.00,1200.00,0.00,On,72.00,71.92,0.00,0.00,1240.00,0.00,On,73.00,72.52,0.00,0.00,225.00,0.00,On,75.00,71.91,87.00,94.00,250.00,0.00,On,71.89,71.92,409.00,350.00,350.00,0.00,On,70.00,70.42,197.00,203.00,475.00,0.00,On,72.59,72.67,145.00,154.00,475.00,0.00,On,74.00,74.02,0.00,0.00,500.00,0.00,On,74.00,72.52,93.00,102.00,350.00,0.00,On,71.12,71.16,126.00,138.00,400.00,0.00,On,70.00,70.11,215.00,218.00,400.00,50.00,On,70.00,70.27,0.00,30.00,275.00,0.00,On,74.00,74.02,0.00,0.00,150.00,0.00,On,72.83,72.60,89.00,78.00,400.00,0.00,On,70.00,69.97,67.00,37.00,250.00,0.00,On,70.88,70.72,0.00,0.00,680.00,0.00,On,74.00,72.69,80.00,65.00,540.00,0.00,On,74.00,74.02,164.00,173.00,550.00,0.00,On,74.00,74.34,0.00,0.00,525.00,0.00,On,74.00,73.42,121.00,94.00,700.00,0.00,On,70.00,69.97,0.00,0.00,800.00,0.00,On,74.00,73.13,139.00,178.00,620.00,0.00,On,74.00,74.13,175.00,165.00,745.00,0.00,On,72.00,72.22,212.00,217.00,235.00,0.00,On,70.00,70.11,327.00,330.00,350.00,0.00,On,70.00,69.98,218.00,232.00,475.00,0.00,On,71.80,71.77,266.00,253.00,1200.00,0.00,On,70.00,69.98,0.00,0.00,700.00,0.00,On,70.00,72.36,0.00,0.00,1080.00,0.00,On,74.00,72.67,0.00,0.00,700.00,0.00,On,72.48,71.55,0.00,0.00,525.00,0.00,On,74.00,72.97,0.00,61.00,1200.00,0.00,On,72.38,72.22,373.00,377.00,1000.00,0.00,On,70.83,70.88,89.00,91.00,250.00,0.00,On,72.77,72.81,118.00,137.00,400.00,0.00,On,70.00,69.98,100.00,63.00,700.00,0.00,On,78.00,77.53,178.00,229.00,1000.00,0.00,On,71.40,71.62,222.00,0.00,700.00,0.00,On,74.00,71.32,136.00,129.00,400.00,0.00,On,70.00,69.94,0.00,87.00,800.00,0.00,On,74.00,74.02,0.00,0.00,1050.00,0.00,On,74.00,73.87,193.00,189.00,200.00,0.00,On,70.48,70.42,447.00,450.00,450.00,100.00,On,70.00,72.21,67.00,88.00,1080.00,0.00,On,74.00,73.91,380.00,370.00,1480.00,0.00,On,70.00,69.97,176.00,193.00,620.00,0.00,On,70.00,70.11,0.00,78.00,450.00,0.00,On,70.00,70.11,135.00,150.00,450.00,0.00,On,70.95,71.16,129.00,117.00,400.00,0.00,On,70.88,70.88,1004.00,1200.00,0.00,1200.00,0.00,On,72.00,72.81,185.00,278.00,0.00,1200.00,100.00,On,73.86,73.84,789.00,792.00,0.00,1000.00,300.00,On,72.00,72.23,531.00,500.00,0.00,1500.00,500.00,On,72.00,70.45,773.00,810.00,0.00,1500.00,500.00,On,72.00,72.00,540.00,500.00,56.66,1500.00,500.00,On,72.00,70.11,656.00,659.00,0.00,1500.00,500.00,On,72.00,71.91,64.7,72.11,Off,Normal,3806.68,100.00,0.00,62.59,71.90,75.19,0.00,44.31,On,On,33.16,1.69,55.51,On,On,On,33.16,On,28.38,On,On,0.00,On,43.84,CWP-3,On,On,On,Off,Off,On,64.72,Off,Off,On,On,On,94.09,94.98,On,On,Off,Off
2017-04-30 22:37:08.772136,300.274235,Inactive,Active,64.72,271.00,250.00,900.00,250.00,On,73.12,71.46,809.00,830.00,900.00,250.00,On,71.12,71.13,22.00,32.00,200.00,0.00,On,74.00,74.02,34.00,39.00,330.00,0.00,On,73.98,74.02,0.00,0.00,660.00,0.00,On,74.00,72.52,149.00,148.00,330.00,0.00,On,74.00,74.02,0.00,0.00,630.00,0.00,On,74.00,72.22,0.00,0.00,420.00,0.00,On,74.00,71.46,0.00,0.00,600.00,0.00,On,74.00,72.67,0.00,0.00,200.00,0.00,On,74.00,72.52,110.00,121.00,350.00,0.00,On,72.83,72.97,311.00,313.00,500.00,300.00,On,74.00,74.00,93.00,92.00,400.00,0.00,On,74.00,74.02,192.00,221.00,1200.00,0.00,On,72.00,72.07,444.00,431.00,750.00,0.00,On,72.00,72.07,0.00,0.00,150.00,0.00,On,75.80,73.87,0.00,0.00,395.00,0.00,On,76.00,74.02,0.00,0.00,250.00,0.00,On,76.03,72.22,116.00,119.00,310.00,0.00,On,70.00,69.97,0.00,0.00,175.00,0.00,On,76.00,72.81,122.00,105.00,1200.00,0.00,On,72.00,71.92,0.00,0.00,1240.00,0.00,On,73.00,72.52,0.00,0.00,225.00,0.00,On,75.00,71.91,87.00,94.00,250.00,0.00,On,71.89,71.92,409.00,350.00,350.00,0.00,On,70.00,70.42,197.00,203.00,475.00,0.00,On,72.59,72.67,145.00,154.00,475.00,0.00,On,74.00,74.02,0.00,0.00,500.00,0.00,On,74.00,72.52,93.00,103.00,350.00,0.00,On,71.12,71.16,134.00,139.00,400.00,0.00,On,70.00,70.11,206.00,202.00,400.00,50.00,On,70.00,70.11,0.00,30.00,275.00,0.00,On,74.00,74.02,0.00,0.00,150.00,0.00,On,72.83,72.55,89.00,78.00,400.00,0.00,On,70.00,69.97,59.00,40.00,250.00,0.00,On,70.88,70.77,0.00,0.00,680.00,0.00,On,74.00,72.68,66.00,64.00,540.00,0.00,On,74.00,74.02,164.00,176.00,550.00,0.00,On,74.00,74.34,0.00,0.00,525.00,0.00,On,74.00,73.42,121.00,94.00,700.00,0.00,On,70.00,69.97,0.00,0.00,800.00,0.00,On,74.00,73.13,186.00,192.00,620.00,0.00,On,74.00,74.18,171.00,169.00,745.00,0.00,On,72.00,72.22,213.00,218.00,235.00,0.00,On,70.00,70.12,346.00,342.00,350.00,0.00,On,70.00,70.09,216.00,205.00,475.00,0.00,On,71.80,71.62,266.00,268.00,1200.00,0.00,On,70.00,70.02,0.00,0.00,700.00,0.00,On,70.00,72.36,0.00,0.00,1080.00,0.00,On,74.00,72.67,0.00,0.00,700.00,0.00,On,72.48,71.55,0.00,0.00,525.00,0.00,On,74.00,72.97,102.00,58.00,1200.00,0.00,On,72.38,72.22,377.00,378.00,1000.00,0.00,On,70.83,70.88,89.00,91.00,250.00,0.00,On,72.77,72.81,118.00,135.00,400.00,0.00,On,70.00,69.97,92.00,45.00,700.00,0.00,On,78.00,77.45,189.00,233.00,1000.00,0.00,On,71.40,71.62,222.00,0.00,700.00,0.00,On,74.00,71.32,135.00,140.00,400.00,0.00,On,70.00,70.02,0.00,89.00,800.00,0.00,On,74.00,74.03,0.00,0.00,1050.00,0.00,On,74.00,73.87,193.00,189.00,200.00,0.00,On,70.48,70.42,447.00,450.00,450.00,100.00,On,70.00,72.21,67.00,88.00,1080.00,0.00,On,74.00,73.91,380.00,370.00,1480.00,0.00,On,70.00,69.97,176.00,193.00,620.00,0.00,On,70.00,70.11,0.00,78.00,450.00,0.00,On,70.00,70.11,135.00,150.00,450.00,0.00,On,70.95,71.16,129.00,117.00,400.00,0.00,On,70.88,70.88,1004.00,1200.00,0.00,1200.00,0.00,On,72.00,72.81,185.00,278.00,0.00,1200.00,100.00,On,73.86,73.84,789.00,792.00,0.00,1000.00,300.00,On,72.00,72.23,531.00,500.00,0.00,1500.00,500.00,On,72.00,70.45,773.00,810.00,0.00,1500.00,500.00,On,72.00,72.00,540.00,500.00,56.66,1500.00,500.00,On,72.00,70.11,656.00,659.00,0.00,1500.00,500.00,On,72.00,71.91,64.7,72.11,Off,Normal,2408.22,100.00,0.00,60.85,72.06,74.62,0.00,44.28,On,On,33.07,1.70,54.95,On,On,On,33.07,On,28.38,On,On,0.00,On,43.84,CWP-3,On,On,On,Off,Off,On,64.72,Off,Off,On,On,On,94.09,94.98,On,On,Off,Off
2017-04-30 22:38:04.397421,353.722886,Inactive,Active,64.82,272.00,250.00,900.00,250.00,On,73.13,71.46,886.00,900.00,900.00,250.00,On,71.12,71.45,23.00,32.00,200.00,0.00,On,74.00,74.02,33.00,40.00,330.00,0.00,On,73.98,74.02,0.00,0.00,660.00,0.00,On,74.00,72.52,149.00,148.00,330.00,0.00,On,74.00,74.02,0.00,0.00,630.00,0.00,On,74.00,72.22,0.00,0.00,420.00,0.00,On,74.00,71.46,0.00,0.00,600.00,0.00,On,74.00,72.67,0.00,0.00,200.00,0.00,On,74.00,72.52,110.00,123.00,350.00,0.00,On,72.83,72.97,310.00,303.00,500.00,300.00,On,74.00,73.86,94.00,93.00,400.00,0.00,On,74.00,74.02,193.00,219.00,1200.00,0.00,On,72.00,72.06,444.00,430.00,750.00,0.00,On,72.00,72.06,0.00,0.00,150.00,0.00,On,75.80,73.87,0.00,0.00,395.00,0.00,On,76.00,74.02,0.00,0.00,250.00,0.00,On,76.03,72.22,116.00,120.00,310.00,0.00,On,70.00,69.98,0.00,0.00,175.00,0.00,On,76.00,72.80,131.00,98.00,1200.00,0.00,On,72.00,71.91,0.00,0.00,1240.00,0.00,On,73.00,72.52,0.00,0.00,225.00,0.00,On,75.00,71.91,86.00,93.00,250.00,0.00,On,71.91,71.91,409.00,350.00,350.00,0.00,On,70.00,70.56,197.00,206.00,475.00,0.00,On,72.58,72.67,143.00,154.00,475.00,0.00,On,74.00,74.02,0.00,0.00,500.00,0.00,On,74.00,72.52,93.00,103.00,350.00,0.00,On,71.12,71.16,134.00,139.00,400.00,0.00,On,70.00,70.11,206.00,202.00,400.00,50.00,On,70.00,70.11,0.00,30.00,275.00,0.00,On,74.00,74.02,0.00,0.00,150.00,0.00,On,72.83,72.55,89.00,78.00,400.00,0.00,On,70.00,69.97,59.00,40.00,250.00,0.00,On,70.88,70.77,0.00,0.00,680.00,0.00,On,74.00,72.68,66.00,64.00,540.00,0.00,On,74.00,74.02,164.00,176.00,550.00,0.00,On,74.00,74.34,0.00,0.00,525.00,0.00,On,74.00,73.42,121.00,94.00,700.00,0.00,On,70.00,69.97,0.00,0.00,800.00,0.00,On,74.00,73.13,186.00,192.00,620.00,0.00,On,74.00,74.18,171.00,169.00,745.00,0.00,On,72.00,72.22,213.00,218.00,235.00,0.00,On,70.00,70.12,346.00,342.00,350.00,0.00,On,70.00,70.09,216.00,205.00,475.00,0.00,On,71.80,71.62,266.00,268.00,1200.00,0.00,On,70.00,70.02,0.00,0.00,700.00,0.00,On,70.00,72.36,0.00,0.00,1080.00,0.00,On,74.00,72.67,0.00,0.00,700.00,0.00,On,72.48,71.55,0.00,0.00,525.00,0.00,On,74.00,72.97,102.00,58.00,1200.00,0.00,On,72.38,72.22,377.00,378.00,1000.00,0.00,On,70.83,70.88,89.00,91.00,250.00,0.00,On,72.77,72.81,118.00,135.00,400.00,0.00,On,70.00,69.97,92.00,45.00,700.00,0.00,On,78.00,77.45,189.00,233.00,1000.00,0.00,On,71.40,71.62,222.00,0.00,700.00,0.00,On,74.00,71.32,135.00,140.00,400.00,0.00,On,70.00,70.02,0.00,89.00,800.00,0.00,On,74.00,74.03,0.00,0.00,1050.00,0.00,On,74.00,73.87,193.00,189.00,200.00,0.00,On,70.48,70.42,447.00,450.00,450.00,100.00,On,70.00,72.21,67.00,88.00,1080.00,0.00,On,74.00,73.91,380.00,370.00,1480.00,0.00,On,70.00,69.97,176.00,193.00,620.00,0.00,On,70.00,70.11,0.00,78.00,450.00,0.00,On,70.00,70.11,135.00,150.00,450.00,0.00,On,70.95,71.16,129.00,117.00,400.00,0.00,On,70.88,70.88,979.00,1200.00,0.00,1200.00,0.00,On,72.00,72.81,187.00,230.00,0.00,1200.00,100.00,On,73.86,73.71,789.00,792.00,0.00,1000.00,300.00,On,72.00,72.23,531.00,500.00,0.00,1500.00,500.00,On,72.00,70.45,773.00,810.00,0.00,1500.00,500.00,On,72.00,72.00,540.00,500.00,56.66,1500.00,500.00,On,72.00,70.11,656.00,659.00,0.00,1500.00,500.00,On,72.00,71.91,64.8,72.11,Off,Normal,3997.05,98.59,0.00,64.45,72.25,74.91,0.00,44.30,On,On,33.00,1.70,55.74,On,On,On,33.00,On,28.39,On,On,0.00,On,43.84,CWP-3,On,On,On,Off,Off,On,64.82,Off,Off,On,On,On,94.09,94.98,On,On,Off,Off
2017-04-30 22:38:57.838114,407.133994,Inactive,Active,64.82,272.00,250.00,900.00,250.00,On,73.13,71.46,886.00,900.00,900.00,250.00,On,71.12,71.45,23.00,32.00,200.00,0.00,On,74.00,74.02,33.00,40.00,330.00,0.00,On,73.98,74.02,0.00,0.00,660.00,0.00,On,74.00,72.52,149.00,148.00,330.00,0.00,On,74.00,74.02,0.00,0.00,630.00,0.00,On,74.00,72.22,0.00,0.00,420.00,0.00,On,74.00,71.46,0.00,0.00,600.00,0.00,On,74.00,72.67,0.00,0.00,200.00,0.00,On,74.00,72.52,110.00,123.00,350.00,0.00,On,72.83,72.97,310.00,303.00,500.00,300.00,On,74.00,73.86,94.00,93.00,400.00,0.00,On,74.00,74.02,193.00,219.00,1200.00,0.00,On,72.00,72.06,444.00,430.00,750.00,0.00,On,72.00,72.06,0.00,0.00,150.00,0.00,On,75.80,73.87,0.00,0.00,395.00,0.00,On,76.00,74.02,0.00,0.00,250.00,0.00,On,76.03,72.22,116.00,120.00,310.00,0.00,On,70.00,69.98,0.00,0.00,175.00,0.00,On,76.00,72.80,131.00,98.00,1200.00,0.00,On,72.00,71.91,0.00,0.00,1240.00,0.00,On,73.00,72.52,0.00,0.00,225.00,0.00,On,75.00,71.91,86.00,93.00,250.00,0.00,On,71.91,71.91,409.00,350.00,350.00,0.00,On,70.00,70.56,197.00,206.00,475.00,0.00,On,72.58,72.67,143.00,154.00,475.00,0.00,On,74.00,74.02,0.00,0.00,500.00,0.00,On,74.00,72.52,93.00,103.00,350.00,0.00,On,71.12,71.16,134.00,139.00,400.00,0.00,On,70.00,70.11,206.00,202.00,400.00,50.00,On,70.00,70.11,0.00,30.00,275.00,0.00,On,74.00,74.02,0.00,0.00,150.00,0.00,On,72.83,72.55,89.00,78.00,400.00,0.00,On,70.00,69.97,59.00,40.00,250.00,0.00,On,70.88,70.77,0.00,0.00,680.00,0.00,On,74.00,72.68,66.00,64.00,540.00,0.00,On,74.00,74.02,164.00,176.00,550.00,0.00,On,74.00,74.34,0.00,0.00,525.00,0.00,On,74.00,73.42,121.00,94.00,700.00,0.00,On,70.00,69.97,0.00,0.00,800.00,0.00,On,74.00,73.13,190.00,198.00,620.00,0.00,On,74.00,74.20,161.00,172.00,745.00,0.00,On,72.00,72.22,211.00,224.00,235.00,0.00,On,70.00,70.19,347.00,345.00,350.00,0.00,On,70.00,70.11,216.00,205.00,475.00,0.00,On,71.80,71.63,266.00,307.00,1200.00,0.00,On,70.00,70.11,0.00,0.00,700.00,0.00,On,70.00,72.36,0.00,0.00,1080.00,0.00,On,74.00,72.67,0.00,0.00,700.00,0.00,On,72.48,71.55,0.00,0.00,525.00,0.00,On,74.00,72.97,152.00,54.00,1200.00,0.00,On,72.38,72.22,377.00,379.00,1000.00,0.00,On,70.83,70.88,89.00,92.00,250.00,0.00,On,72.77,72.81,118.00,138.00,400.00,0.00,On,70.00,69.99,84.00,0.00,700.00,0.00,On,78.00,77.01,180.00,237.00,1000.00,0.00,On,71.40,71.62,222.00,0.00,700.00,0.00,On,74.00,71.32,135.00,152.00,400.00,0.00,On,70.00,70.11,0.00,90.00,800.00,0.00,On,74.00,74.03,0.00,0.00,1050.00,0.00,On,74.00,73.87,193.00,189.00,200.00,0.00,On,70.48,70.42,450.00,450.00,450.00,100.00,On,70.00,72.22,0.00,83.00,1080.00,0.00,On,74.00,73.91,422.00,438.00,1480.00,0.00,On,70.00,70.10,177.00,195.00,620.00,0.00,On,70.00,70.11,0.00,0.00,450.00,0.00,On,70.00,69.48,134.00,152.00,450.00,0.00,On,70.95,71.16,129.00,117.00,400.00,0.00,On,70.88,70.88,979.00,1200.00,0.00,1200.00,0.00,On,72.00,72.81,187.00,230.00,0.00,1200.00,100.00,On,73.86,73.71,789.00,833.00,0.00,1000.00,300.00,On,72.00,72.40,531.00,500.00,0.00,1500.00,500.00,On,72.00,70.10,849.00,861.00,0.00,1500.00,500.00,On,72.00,72.15,541.00,500.00,56.66,1500.00,500.00,On,72.00,70.11,654.00,708.00,0.00,1500.00,500.00,On,72.00,72.06,64.8,72.11,Off,Normal,4876.16,90.17,0.00,61.31,72.05,74.88,0.00,44.34,On,On,32.58,1.69,55.53,On,On,On,32.58,On,28.39,On,On,0.00,On,43.84,CWP-3,On,On,On,Off,Off,On,64.82,Off,Off,On,On,On,94.09,94.98,On,On,Off,Off
2017-04-30 22:39:51.254700,460.605915,Inactive,Active,64.82,272.00,250.00,900.00,250.00,On,73.13,71.46,886.00,900.00,900.00,250.00,On,71.12,71.45,23.00,32.00,200.00,0.00,On,74.00,74.02,33.00,40.00,330.00,0.00,On,73.98,74.02,0.00,0.00,660.00,0.00,On,74.00,72.52,149.00,149.00,330.00,0.00,On,74.00,74.02,0.00,0.00,630.00,0.00,On,74.00,72.22,0.00,0.00,420.00,0.00,On,74.00,71.46,0.00,0.00,600.00,0.00,On,74.00,72.67,0.00,0.00,200.00,0.00,On,74.00,72.52,110.00,124.00,350.00,0.00,On,72.83,72.97,308.00,300.00,500.00,300.00,On,74.00,73.71,94.00,93.00,400.00,0.00,On,74.00,74.02,193.00,221.00,1200.00,0.00,On,72.00,72.06,402.00,392.00,750.00,0.00,On,72.00,71.91,0.00,0.00,150.00,0.00,On,75.80,73.87,0.00,0.00,395.00,0.00,On,76.00,74.02,0.00,0.00,250.00,0.00,On,76.03,72.22,116.00,119.00,310.00,0.00,On,70.00,69.98,0.00,0.00,175.00,0.00,On,76.00,72.80,139.00,96.00,1200.00,0.00,On,72.00,71.91,0.00,0.00,1240.00,0.00,On,73.00,72.52,0.00,0.00,225.00,0.00,On,75.00,71.91,86.00,93.00,250.00,0.00,On,71.90,71.91,407.00,350.00,350.00,0.00,On,70.00,70.55,197.00,200.00,475.00,0.00,On,72.55,72.60,145.00,155.00,475.00,0.00,On,74.00,74.02,0.00,0.00,500.00,0.00,On,74.00,72.52,93.00,103.00,350.00,0.00,On,71.12,71.16,134.00,140.00,400.00,0.00,On,70.00,70.11,203.00,202.00,400.00,50.00,On,70.00,70.11,0.00,30.00,275.00,0.00,On,74.00,74.02,0.00,0.00,150.00,0.00,On,72.83,72.52,87.00,92.00,400.00,0.00,On,70.00,70.08,49.00,61.00,250.00,0.00,On,70.88,71.02,0.00,0.00,680.00,0.00,On,74.00,72.67,63.00,65.00,540.00,0.00,On,74.00,74.02,163.00,150.00,550.00,0.00,On,74.00,74.17,0.00,0.00,525.00,0.00,On,74.00,73.42,121.00,95.00,700.00,0.00,On,70.00,69.98,0.00,0.00,800.00,0.00,On,74.00,73.13,190.00,198.00,620.00,0.00,On,74.00,74.20,161.00,172.00,745.00,0.00,On,72.00,72.22,211.00,224.00,235.00,0.00,On,70.00,70.19,347.00,345.00,350.00,0.00,On,70.00,70.11,216.00,205.00,475.00,0.00,On,71.80,71.63,266.00,307.00,1200.00,0.00,On,70.00,70.11,0.00,0.00,700.00,0.00,On,70.00,72.36,0.00,0.00,1080.00,0.00,On,74.00,72.67,0.00,0.00,700.00,0.00,On,72.48,71.55,0.00,0.00,525.00,0.00,On,74.00,72.97,152.00,54.00,1200.00,0.00,On,72.38,72.22,377.00,379.00,1000.00,0.00,On,70.83,70.88,89.00,92.00,250.00,0.00,On,72.77,72.81,118.00,138.00,400.00,0.00,On,70.00,69.99,84.00,0.00,700.00,0.00,On,78.00,77.01,180.00,237.00,1000.00,0.00,On,71.40,71.62,222.00,0.00,700.00,0.00,On,74.00,71.32,135.00,152.00,400.00,0.00,On,70.00,70.11,0.00,90.00,800.00,0.00,On,74.00,74.03,0.00,0.00,1050.00,0.00,On,74.00,73.87,193.00,189.00,200.00,0.00,On,70.48,70.42,450.00,450.00,450.00,100.00,On,70.00,72.22,0.00,83.00,1080.00,0.00,On,74.00,73.91,422.00,438.00,1480.00,0.00,On,70.00,70.10,177.00,195.00,620.00,0.00,On,70.00,70.11,0.00,0.00,450.00,0.00,On,70.00,69.48,134.00,152.00,450.00,0.00,On,70.95,71.16,129.00,117.00,400.00,0.00,On,70.88,70.88,979.00,1200.00,0.00,1200.00,0.00,On,72.00,72.81,187.00,230.00,0.00,1200.00,100.00,On,73.86,73.71,789.00,833.00,0.00,1000.00,300.00,On,72.00,72.40,531.00,500.00,0.00,1500.00,500.00,On,72.00,70.10,849.00,861.00,0.00,1500.00,500.00,On,72.00,72.15,541.00,500.00,56.66,1500.00,500.00,On,72.00,70.11,654.00,708.00,0.00,1500.00,500.00,On,72.00,72.06,64.8,72.11,Off,Normal,1983.01,100.00,0.00,63.54,72.04,76.01,0.00,44.32,On,On,33.28,1.70,55.71,On,On,On,33.28,On,28.39,On,On,0.00,On,43.84,CWP-3,On,On,On,Off,Off,On,64.82,Off,Off,On,On,On,94.09,94.98,On,On,Off,Off
